{"City of Agoura Hills": [34.14791, -118.7657042],
"City of Alhambra": [34.0691423, -118.1766937],
"City of Arcadia": [34.1362075, -118.0401497],
"City of Artesia": [33.85900384999999, -118.29112109555936],
"City of Avalon": [33.9274857, -118.2652233],
"City of Azusa": [34.045223, -118.227856],
"City of Baldwin Park": [34.0854739, -117.9611761],
"City of Bell": [33.9747806, -118.1866361],
"City of Bell Gardens": [33.9694561, -118.1503953],
"City of Bellflower": [34.1513868, -118.373439],
"City of Beverly Hills": [34.0696501, -118.3963062],
"City of Bradbury": [34.05047545, -118.24780750292649],
"City of Burbank": [34.1359552, -118.33212],
"City of Calabasas": [34.1934914, -118.60466],
"City of Carson": [33.8322043, -118.2517547],
"City of Cerritos": [34.1073938, -118.3311561],
"City of Claremont": [34.0966764, -117.7197785],
"City of Commerce": [34.003218, -118.1541961],
"City of Compton": [33.9043727, -118.2421992],
"City of Covina": [34.0791442, -118.1654061],
"City of Cudahy": [34.0920746, -118.1794311],
"City of Culver City": [34.0279655, -118.3893175],
"City of Diamond Bar": [34.0286226, -117.8103367],
"City of Downey": [34.0694772, -118.22331678447198],
"City of Duarte": [34.1394513, -117.9772873],
"City of El Monte": [34.0751571, -118.036849],
"City of El Segundo": [33.9419393, -118.43808772335558],
"City of Gardena": [33.872867, -118.2906843],
"City of Glendale": [34.1469416, -118.2478471],
"City of Glendora": [34.1361187, -117.865339],
"City of Hawaiian Gardens": [33.8284787, -118.074313],
"City of Hawthorne": [33.9188589, -118.3483256],
"City of Hermosa Beach": [33.86428, -118.39591],
"City of Huntington Park": [33.9827043, -118.2120343],
"City of Industry": [34.0182252, -117.9593061],
"City of Inglewood": [33.9651038, -118.33954431037299],
"City of Irwindale": [34.23533, -118.382],
"City of La Canada Flintridge": [34.1998302, -118.2005236],
"City of La Habra Heights": [33.9604546, -117.9504255],
"City of La Mirada": [33.9060971, -118.0107092],
"City of La Puente": [34.0280619, -117.953097],
"City of La Verne": [34.1008426, -117.7678355],
"City of Lakewood": [33.8503463, -118.117191],
"City of Lancaster": [34.6981064, -118.1366153],
"City of Lawndale": [34.1339586, -118.2271921],
"City of Lomita": [33.7988847, -118.2690907],
"City of Long Beach": [33.7690164, -118.191604],
"City of Lynwood": [33.924831, -118.2024154],
"City of Malibu": [34.2113149, -118.4985317],
"City of Manhattan Beach": [33.8915985, -118.3951241],
"City of Maywood": [34.1411741, -118.2116933],
"City of Monrovia": [34.1483499, -118.0014517],
"City of Montebello": [34.0334262, -118.188904],
"City of Monterey Park": [34.051522, -118.129807],
"City of Norwalk": [34.132383, -118.2122517],
"City of Palmdale": [34.5793131, -118.1171108],
"City of Palos Verdes Estates": [33.7872386, -118.401813],
"City of Paramount": [34.1011884, -118.33981721088044],
"City of Pasadena": [34.0746874, -118.2324543],
"City of Pico Rivera": [33.9830688, -118.096735],
"City of Pomona": [34.0290394, -118.218417],
"City of Rancho Palos Verdes": [33.7483311, -118.3707683],
"City of Redondo Beach": [33.8455911, -118.3886766],
"City of Rolling Hills": [33.7668041, -118.3496623],
"City of Rolling Hills Estates": [33.7877943, -118.3581284],
"City of Rosemead": [34.0870563, -118.1758841],
"City of San Dimas": [34.1065404, -117.8069361],
"City of San Fernando": [34.2148853, -118.4998204],
"City of San Gabriel": [34.0990995, -118.1085554],
"City of San Marino": [34.1215947, -118.105739],
"City of Santa Clarita": [34.4127963, -118.5538088],
"City of Santa Fe Springs": [33.9480787, -118.0691499],
"City of Santa Monica": [34.0103373, -118.49791751664307],
"City of Sierra Madre": [34.1616729, -118.052845],
"City of Signal Hill": [33.804826, -118.168259],
"City of South El Monte": [34.0519548, -118.0467339],
"City of South Gate": [33.9463456, -118.200981],
"City of South Pasadena": [34.1133062, -118.1478291],
"City of Temple City": [34.1082994, -118.0577568],
"City of Torrance": [33.8385477, -118.3087562],
"City of Vernon": [34.0033442, -118.2433076],
"City of Walnut": [34.3278065, -118.4674811],
"City of West Covina": [34.0686208, -117.9389526],
"City of West Hollywood": [34.0923014, -118.3692894],
"City of Westlake Village": [34.1460234, -118.8061794],
"City of Whittier": [34.0379375, -118.2246376],
"Los Angeles - Adams-Normandie": [34.0317877, -118.3002466],
"Los Angeles - Alsace": [33.98279, -118.41236354004823],
"Los Angeles - Angeles National Forest": [34.3212706, -117.96147324679369],
"Los Angeles - Angelino Heights": [34.0702889, -118.254796],
"Los Angeles - Arleta": [34.2413266, -118.4322047],
"Los Angeles - Atwater Village": [34.1186975, -118.2623924],
"Los Angeles - Baldwin Hills": [34.0146113, -118.3603104],
"Los Angeles - Bel Air": [34.0827278, -118.4479802],
"Los Angeles - Beverly Crest": [34.1167701, -118.4322607],
"Los Angeles - Beverlywood": [34.0459334, -118.39492],
"Los Angeles - Boyle Heights": [34.0436892, -118.2097684],
"Los Angeles - Brentwood": [34.0521403, -118.4740699],
"Los Angeles - Canoga Park": [34.2011078, -118.5978087],
"Los Angeles - Carthay": [34.0611213, -118.3672997],
"Los Angeles - Central": [38.392688, -121.5730111],
"Los Angeles - Century City": [34.0573589, -118.4146078],
"Los Angeles - Chatsworth": [34.2595715, -118.6023247],
"Los Angeles - Cheviot Hills": [34.0405878, -118.4098875],
"Los Angeles - Chinatown": [34.0638402, -118.2358676],
"Los Angeles - Country Club Park": [34.050289, -118.3211871],
"Los Angeles - Crenshaw District": [34.0069031, -118.340823],
"Los Angeles - Crestview": [37.7524319, -118.9843096],
"Los Angeles - Del Rey": [33.9896527, -118.4243437],
"Los Angeles - Downtown": [34.047996, -118.2521002],
"Los Angeles - Eagle Rock": [34.1390325, -118.2140958],
"Los Angeles - East Hollywood": [34.0904277, -118.2966254],
"Los Angeles - Echo Park": [34.0779819, -118.2567824],
"Los Angeles - El Sereno": [34.0811213, -118.1778495],
"Los Angeles - Elysian Park": [34.08289815, -118.23441344019174],
"Los Angeles - Elysian Valley": [34.0959128, -118.2420326],
"Los Angeles - Encino": [34.1591324, -118.5016166],
"Los Angeles - Exposition": [34.01365405, -118.28721058194556],
"Los Angeles - Exposition Park": [34.01365405, -118.28721058194556],
"Los Angeles - Figueroa Park Square": [34.0137561, -118.2829239],
"Los Angeles - Florence-Firestone": [33.9674263, -118.2433068],
"Los Angeles - Glassell Park": [34.1161201, -118.2289627],
"Los Angeles - Gramercy Place": [34.0366838, -118.3133396],
"Los Angeles - Granada Hills": [34.2661558, -118.5174342],
"Los Angeles - Green Meadows": [33.9409877, -118.2629968],
"Los Angeles - Hancock Park": [34.0736782, -118.335055],
"Los Angeles - Harbor City": [33.7911012, -118.3012604],
"Los Angeles - Harbor Gateway": [33.85283015, -118.29817047501172],
"Los Angeles - Harbor Pines": [33.7825681, -118.3069302],
"Los Angeles - Harvard Heights": [34.0471105, -118.3054828],
"Los Angeles - Harvard Park": [33.9839471, -118.3046228],
"Los Angeles - Highland Park": [34.1099469, -118.1969828],
"Los Angeles - Historic Filipinotown": [34.06962715, -118.26946338649176],
"Los Angeles - Hollywood": [34.0980031, -118.329523],
"Los Angeles - Hollywood Hills": [34.1216903, -118.3465777],
"Los Angeles - Hyde Park": [33.9854024, -118.330861],
"Los Angeles - Jefferson Park": [34.0296173, -118.3224597],
"Los Angeles - Koreatown": [34.0617936, -118.305447],
"Los Angeles - Lafayette Square": [34.042855349999996, -118.33291303743238],
"Los Angeles - Lake Balboa": [34.1938237, -118.5010456],
"Los Angeles - Lakeview Terrace": [34.2751814, -118.37107772055035],
"Los Angeles - Leimert Park": [34.008441, -118.3314469],
"Los Angeles - Lincoln Heights": [34.0726552, -118.2111954],
"Los Angeles - Little Armenia": [34.0981716, -118.3044966],
"Los Angeles - Little Tokyo": [34.0510343, -118.2386102],
"Los Angeles - Longwood": [33.973537, -118.42639527354078],
"Los Angeles - Los Feliz": [34.1076561, -118.2875062],
"Los Angeles - Manchester Square": [33.966374, -118.3133775],